{
  "n_folds": 5,
  "scores": {
    "acute-inflammations": {
      "l-DEP": [
        1.0,
        1.0,
        1.0,
        1.0,
        1.0
      ],
      "DCCP l_DEP": [
        1.0,
        1.0,
        1.0,
        1.0,
        1.0
      ],
      "r-DEP": [
        1.0,
        0.9791666666666666,
        0.9791666666666666,
        0.9791666666666666,
        0.9583333333333334
      ],
      "DCCP r_DEP": [
        1.0,
        1.0,
        1.0,
        0.6458333333333334,
        1.0
      ],
      "Morpho_max": [
        0.90625,
        0.6770833333333334,
        0.8020833333333334,
        0.84375,
        0.9166666666666666
      ],
      "Morpho_min": [
        0.8854166666666666,
        0.8020833333333334,
        0.78125,
        0.8229166666666666,
        0.8333333333333334
      ],
      "Linear SVC": [
        1.0,
        1.0,
        1.0,
        1.0,
        1.0
      ],
      "RBF SVC": [
        0.8958333333333334,
        0.8333333333333334,
        0.8541666666666666,
        0.875,
        0.96875
      ],
      "MLP": [
        1.0,
        1.0,
        1.0,
        1.0,
        1.0
      ],
      "Poly SVC": [
        0.90625,
        0.8333333333333334,
        0.8020833333333334,
        0.84375,
        0.9791666666666666
      ]
    },
    "australian": {
      "l-DEP": [
        0.9365942028985508,
        0.9384057971014492,
        0.9094202898550725,
        0.9565217391304348,
        0.9184782608695652
      ],
      "DCCP l_DEP": [
        1.0,
        1.0,
        0.9891304347826086,
        1.0,
        1.0
      ],
      "r-DEP": [
        0.822463768115942,
        0.855072463768116,
        0.8260869565217391,
        0.8387681159420289,
        0.8260869565217391
      ],
      "DCCP r_DEP": [
        0.8514492753623188,
        0.8405797101449275,
        0.769927536231884,
        0.855072463768116,
        0.8677536231884058
      ],
      "Morpho_max": [
        0.8514492753623188,
        0.8695652173913043,
        0.8460144927536232,
        0.8677536231884058,
        0.8496376811594203
      ],
      "Morpho_min": [
        0.8387681159420289,
        0.8677536231884058,
        0.8460144927536232,
        0.842391304347826,
        0.842391304347826
      ],
      "Linear SVC": [
        0.8532608695652174,
        0.8786231884057971,
        0.8568840579710145,
        0.8695652173913043,
        0.855072463768116
      ],
      "RBF SVC": [
        0.7409420289855072,
        0.7536231884057971,
        0.7644927536231884,
        0.7554347826086957,
        0.7608695652173914
      ],
      "MLP": [
        0.9039855072463768,
        0.9637681159420289,
        0.9021739130434783,
        0.9239130434782609,
        0.9039855072463768
      ],
      "Poly SVC": [
        0.7391304347826086,
        0.7427536231884058,
        0.7590579710144928,
        0.7518115942028986,
        0.7445652173913043
      ]
    },
    "banana": {
      "l-DEP": [
        0.8646226415094339,
        0.8561320754716981,
        0.8495283018867924,
        0.8537735849056604,
        0.8523584905660377
      ],
      "DCCP l_DEP": [
        0
      ],
      "r-DEP": [
        0.5341981132075472,
        0.5287735849056604,
        0.5316037735849056,
        0.5233490566037736,
        0.5127358490566037
      ],
      "DCCP r_DEP": [
        0.5007075471698114,
        0.5160377358490567,
        0.49858490566037733,
        0.5429245283018868,
        0.4811320754716981
      ],
      "Morpho_max": [
        0.3768867924528302,
        0.36910377358490565,
        0.3738207547169811,
        0.3794811320754717,
        0.3856132075471698
      ],
      "Morpho_min": [
        0.4964622641509434,
        0.4945754716981132,
        0.503066037735849,
        0.5033018867924528,
        0.5186320754716981
      ],
      "Linear SVC": [
        0.5285377358490566,
        0.4643867924528302,
        0.43985849056603776,
        0.4884433962264151,
        0.5518867924528302
      ],
      "RBF SVC": [
        0.8827830188679245,
        0.8785377358490566,
        0.8778301886792453,
        0.880188679245283,
        0.8768867924528302
      ],
      "MLP": [
        0.5808962264150943,
        0.6610849056603774,
        0.6242924528301886,
        0.6537735849056604,
        0.5971698113207548
      ],
      "Poly SVC": [
        0.6485849056603774,
        0.6528301886792452,
        0.6509433962264151,
        0.6441037735849057,
        0.6367924528301887
      ]
    },
    "banknote-authentication": {
      "l-DEP": [
        1.0,
        1.0,
        1.0,
        1.0,
        1.0
      ],
      "DCCP l_DEP": [
        1.0,
        1.0,
        1.0,
        1.0,
        1.0
      ],
      "r-DEP": [
        0.9033728350045579,
        0.9097538742023701,
        0.9380692167577414,
        0.930783242258652,
        0.9335154826958105
      ],
      "DCCP r_DEP": [
        0.9872379216043756,
        0.9781221513217867,
        0.9899817850637522,
        0.9854280510018215,
        0.9663023679417122
      ],
      "Morpho_max": [
        0.4238833181403829,
        0.4074749316317229,
        0.424408014571949,
        0.4371584699453552,
        0.42714025500910746
      ],
      "Morpho_min": [
        0.3865086599817685,
        0.3855970829535096,
        0.3888888888888889,
        0.40619307832422585,
        0.3925318761384335
      ],
      "Linear SVC": [
        0.9854147675478578,
        0.9854147675478578,
        0.9845173041894353,
        0.9908925318761385,
        0.9863387978142076
      ],
      "RBF SVC": [
        1.0,
        1.0,
        1.0,
        1.0,
        1.0
      ],
      "MLP": [
        0.9617137648131268,
        0.9553327256153145,
        0.9398907103825137,
        0.9635701275045537,
        0.918943533697632
      ],
      "Poly SVC": [
        1.0,
        1.0,
        1.0,
        1.0,
        1.0
      ]
    },
    "blood-transfusion-service-center": {
      "l-DEP": [
        0.8076923076923077,
        0.8010033444816054,
        0.81438127090301,
        0.7963272120200334,
        0.8013355592654424
      ],
      "DCCP l_DEP": [
        0.8327759197324415,
        0.8093645484949833,
        0.8361204013377926,
        0.8096828046744574,
        0.8196994991652755
      ],
      "r-DEP": [
        0.7591973244147158,
        0.6655518394648829,
        0.6672240802675585,
        0.6243739565943238,
        0.6510851419031719
      ],
      "DCCP r_DEP": [
        0.7642140468227425,
        0.6739130434782609,
        0.6555183946488294,
        0.7011686143572621,
        0.657762938230384
      ],
      "Morpho_max": [
        0.6839464882943144,
        0.705685618729097,
        0.6872909698996655,
        0.6944908180300501,
        0.6928213689482471
      ],
      "Morpho_min": [
        0.6120401337792643,
        0.6555183946488294,
        0.6387959866220736,
        0.6410684474123539,
        0.6227045075125208
      ],
      "Linear SVC": [
        0.782608695652174,
        0.774247491638796,
        0.774247491638796,
        0.7813021702838063,
        0.7729549248747913
      ],
      "RBF SVC": [
        0.774247491638796,
        0.7792642140468228,
        0.7792642140468228,
        0.7646076794657763,
        0.7796327212020033
      ],
      "MLP": [
        0.8076923076923077,
        0.794314381270903,
        0.8060200668896321,
        0.7913188647746243,
        0.8130217028380634
      ],
      "Poly SVC": [
        0.7675585284280937,
        0.7709030100334449,
        0.7709030100334449,
        0.7646076794657763,
        0.7696160267111853
      ]
    },
    "breast-cancer": {
      "l-DEP": [
        0.9912087912087912,
        0.978021978021978,
        0.9846153846153847,
        0.9868131868131869,
        0.9802631578947368
      ],
      "DCCP l_DEP": [
        1.0,
        1.0,
        1.0,
        1.0,
        1.0
      ],